id,name,brewery_type,address_1,address_2,address_3,city,state_province,postal_code,country,longitude,latitude,phone,website_url,state,street,coordinates_available
ae7b3174-8be8-4d53-a3a5-9b8240970eea,'s,brewpub,Friesener Straße 1,Not Available,Not Available,Kronach,Bayern,96317,Germany,11.327765,50.241246,+49 9261 628000,http://www.antla.de,Bayern,Friesener Straße 1,True
aa7cbe9b-3a0f-4888-9884-6186b0042b55,’t Drankorgel,micro,31a Geelsebaan,Not Available,Not Available,Mol,Vlaanderen,2400,Belgium,5.0569549,51.1762578,+32 496 76 40 63,http://tdrankorgel.be/,Vlaanderen,31a Geelsebaan,True
1034754f-abf9-4b42-bd6d-37e110ba4b1a,'T Kroontje,micro,62 Hogebrug,Not Available,Not Available,Lebbeke,Vlaanderen,9280,Belgium,4.0913928,51.0078878,+32 495 43 33 25,http://www.tkroontje.be/,Vlaanderen,62 Hogebrug,True
5128df48-79fc-4f0f-8b52-d06be54d0cec,(405) Brewing Co,micro,1716 Topeka St,Not Available,Not Available,Norman,Oklahoma,73069-8224,United States,-97.46818222,35.25738891,4058160490,http://www.405brewing.com,Oklahoma,1716 Topeka St,True
9c5a66c8-cc13-416f-a5d9-0a769c87d318,(512) Brewing Co,micro,407 Radam Ln Ste F200,Not Available,Not Available,Austin,Texas,78745-1197,United States,0.0,0.0,5129211545,http://www.512brewing.com,Texas,407 Radam Ln Ste F200,False
34e8c68b-6146-453f-a4b9-1f6cd99a5ada,1 of Us Brewing Company,micro,8100 Washington Ave,Not Available,Not Available,Mount Pleasant,Wisconsin,53406-3920,United States,-87.883363502094,42.720108268996,2624847553,https://www.1ofusbrewing.com,Wisconsin,8100 Washington Ave,True
21f21cc0-5b2f-4b79-be29-3bc625bcc4c8,1. Altenberger Brauhaus,brewpub,Zirndorfer Straße 18,Not Available,Not Available,Oberasbach,Bayern,90522,Germany,10.9685585,49.4369958,+49 911 604237,http://www.altenberger-brauhaus.de,Bayern,Zirndorfer Straße 18,True
6d14b220-8926-4521-8d19-b98a2d6ec3db,10 Barrel Brewing Co,large,62970 18th St,Not Available,Not Available,Bend,Oregon,97701-9847,United States,-121.281706,44.08683531,5415851007,http://www.10barrel.com,Oregon,62970 18th St,True
e2e78bd8-80ff-4a61-a65c-3bfbd9d76ce2,10 Barrel Brewing Co,large,1135 NW Galveston Ave Ste B,Not Available,Not Available,Bend,Oregon,97703-2465,United States,-121.3288021,44.0575649,5415851007,Not Available,Oregon,1135 NW Galveston Ave Ste B,True
e432899b-7f58-455f-9c7b-9a6e2130a1e0,10 Barrel Brewing Co,large,1411 NW Flanders St,Not Available,Not Available,Portland,Oregon,97209-2620,United States,-122.6855056,45.5259786,5032241700,http://www.10barrel.com,Oregon,1411 NW Flanders St,True
ef970757-fe42-416f-931d-722451f1f59c,10 Barrel Brewing Co,large,1501 E St,Not Available,Not Available,San Diego,California,92101-6618,United States,-117.129593,32.714813,6195782311,http://10barrel.com,California,1501 E St,True
9f1852da-c312-42da-9a31-097bac81c4c0,10 Barrel Brewing Co - Bend Pub,large,62950 NE 18th St,Not Available,Not Available,Bend,Oregon,97701,United States,-121.2809536,44.0912109,5415851007,Not Available,Oregon,62950 NE 18th St,True
ea4f30c0-bce6-416b-8904-fab4055a7362,10 Barrel Brewing Co - Boise,large,826 W Bannock St,Not Available,Not Available,Boise,Idaho,83702-5857,United States,-116.202929,43.618516,2083445870,http://www.10barrel.com,Idaho,826 W Bannock St,True
1988eb86-f0a2-4674-ba04-02454efa0d31,10 Barrel Brewing Co - Denver,large,2620 Walnut St,Not Available,Not Available,Denver,Colorado,80205-2231,United States,-104.9853655,39.7592508,7205738992,Not Available,Colorado,2620 Walnut St,True
1ecc330f-6275-42a5-b14e-00adbed62752,10 Torr Distilling and Brewing,micro,490 Mill St,Not Available,Not Available,Reno,Nevada,89502,United States,-119.7732015,39.5171702,7755307014,http://www.10torr.com,Nevada,490 Mill St,True
7531dbd8-afc9-4b5b-95bc-7ece7f2c0bf3,10-56 Brewing Company,micro,400 Brown Cir,Not Available,Not Available,Knox,Indiana,46534,United States,-86.627954,41.289715,6308165790,Not Available,Indiana,400 Brown Cir,True
49eaa1ab-5cee-40cd-a0dc-da14ba2b7dac,1000 Hills Brewing Company,brewpub,168 Old Main Road,Botha's Hill,Not Available,Durban,KwaZulu-Natal,3610,South Africa,30.7063,-29.7711,+27 31 777 1566,https://1000hillsbrewingcompany.co.za/,KwaZulu-Natal,168 Old Main Road,True
5ae467af-66dc-4d7f-8839-44228f89b596,101 North Brewing Company,closed,1304 Scott St Ste D,Not Available,Not Available,Petaluma,California,94954-7100,United States,-122.665055,38.27029381,7077534934,http://www.101northbeer.com,California,1304 Scott St Ste D,True
4ffda196-dd59-44a5-9eeb-5f7fd4b58f5a,105 West Brewing Co,micro,1043 Park St,Not Available,Not Available,Castle Rock,Colorado,80109-1585,United States,-104.8667206,39.38269495,3033257321,http://www.105westbrewing.com,Colorado,1043 Park St,True
42aa37d5-8384-4ffe-8c81-7c982eff0384,10K Brewing,micro,2005 2nd Ave,Not Available,Not Available,Anoka,Minnesota,55303-2243,United States,-93.38952559,45.19812039,7633924753,http://10KBrew.com,Minnesota,2005 2nd Ave,True
232e8f62-9afc-45f5-b4bc-582c26b5c43b,10th District Brewing Company,micro,491 Washington St,Not Available,Not Available,Abington,Massachusetts,02351-2419,United States,-70.94594149,42.10591754,7813071554,http://www.10thdistrictbrewing.com,Massachusetts,491 Washington St,True
08f78223-24f8-4b71-b381-ea19a5bd82df,11 Below Brewing Company,micro,6820 Bourgeois Rd,Not Available,Not Available,Houston,Texas,77066-3107,United States,-95.5186591,29.9515464,2814442337,http://www.11belowbrewing.com,Texas,6820 Bourgeois Rd,True
58293321-14ae-49d7-9a7b-08436c9e63a6,1188 Brewing Co,brewpub,141 E Main St,Not Available,Not Available,John Day,Oregon,97845-1210,United States,-118.9218754,44.4146563,5415751188,http://www.1188brewing.com,Oregon,141 E Main St,True
e5f3e72a-fee2-4813-82cf-f2e53b439ae6,12 Acres Brewing Company,micro,Unnamed Street,Clonmore,Not Available,Killeshin,Laois,R93 X3X8,Ireland,-6.979343891,52.84930763,353599107299,https://12acresbrewing.ie/,Laois,Unnamed Street,True
d81ff708-b5d2-478f-af6a-6d40f5beb9ac,12 Gates Brewing Company,brewpub,80 Earhart Dr Ste 20,Not Available,Not Available,Williamsville,New York,14221-7804,United States,0.0,0.0,7169066600,http://www.12gatesbrewing.com,New York,80 Earhart Dr Ste 20,False
f4284868-386f-46c2-adda-0436d6a9e3bd,12 Marias,micro,EN109 74,Fermelã,Not Available,Estarreja,Aveiro,3865-127,Portugal,0.0,0.0,Not Available,https://12marias.pt/,Aveiro,EN109 74,False
fb94830f-6196-4f59-9189-c9060b778085,12 West Brewing Company,micro,3000 E Ray Rd Bldg 6,Not Available,Not Available,Gilbert,Arizona,85296-7832,United States,0.0,0.0,6023395014,http://www.12westbrewing.com,Arizona,3000 E Ray Rd Bldg 6,False
0faa0fb2-fffa-416d-9eab-46f67477c8ef,12 West Brewing Company - Production Facility,micro,Not Available,Not Available,Not Available,Mesa,Arizona,85207,United States,-111.5860662,33.436188,Not Available,Not Available,Arizona,,True
e54c2f02-acd6-4172-861d-fcfa54c8701a,122 West Brewing Co,closed,2416 Meridian St,Not Available,Not Available,Bellingham,Washington,98225-2405,United States,-122.485982,48.7621709,3603063285,https://www.122westbrew.com/,Washington,2416 Meridian St,True
d5cb896d-3e99-4e19-9693-5e06ce987e53,127 Brewing,micro,3090 Shirley Dr,Not Available,Not Available,Jackson,Michigan,49201-7010,United States,-84.43116792,42.28667212,5172581346,Not Available,Michigan,3090 Shirley Dr,True
06e9fffb-e820-45c9-b107-b52b51013e8f,12Degree Brewing,brewpub,820 Main St,Not Available,Not Available,Louisville,Colorado,80027-1865,United States,-105.1319826,39.9782443,3035791004,http://www.12degree.com,Colorado,820 Main St,True
50521ef7-f543-4c5d-98b1-0d0ee1a2be01,12welve Eyes Brewing,micro,141 E 4th St Ste LL2,Not Available,Not Available,Saint Paul,Minnesota,55101-1639,United States,0.0,0.0,6514938106,http://www.12welveEyes.com,Minnesota,141 E 4th St Ste LL2,False
950180bd-29c9-46b3-ad0c-e6f09799ec7f,13 Below Brewery,micro,7391 Forbes Rd,Not Available,Not Available,Cincinnati,Ohio,45233-1013,United States,-84.70634815,39.12639764,5139750613,http://www.13belowbrewery.com,Ohio,7391 Forbes Rd,True
45119c56-345b-4adc-b481-c5cf7bfe98c4,13 Stripes Brewery,brewpub,"250 Mill St, Suite PW3101",Not Available,Not Available,Taylors,South Carolina,29687,United States,0.0,0.0,8643491430,http://www.13StripesBrewery.com,South Carolina,"250 Mill St, Suite PW3101",False
936c3d7e-5d54-4459-b72c-117cdda059b4,13 Virtues Brewing Co,brewpub,6410 SE Milwaukie Ave,Not Available,Not Available,Portland,Oregon,97202-5518,United States,-122.6487531,45.4762536,5032393831,http://www.13virtuesbrewing.com,Oregon,6410 SE Milwaukie Ave,True
5c53b314-ebab-4e3e-89be-e4139d9318ae,1323 R & D,micro,1323 Capital Blvd 1323 R and D,Not Available,Not Available,Raleigh,North Carolina,27603-1117,United States,0.0,0.0,9199775654,http://www.1323rnd.com,North Carolina,1323 Capital Blvd 1323 R and D,False
19ff5276-c1b2-423a-b6ac-ae47f97efc96,137:ans,micro,Oxbacksgatan 6,Not Available,Not Available,Södertälje,Stockholm County,15173,Sweden,0.0,0.0,Not Available,https://www.137ansbar.com/,Stockholm County,Oxbacksgatan 6,False
4788221a-a03b-458c-9084-4cadd69ade6d,14 Cannons Brewing Company,micro,31125 Via Colinas Ste 907,Not Available,Not Available,Westlake Village,California,91362-3974,United States,-118.802397,34.15334,8186996165,http://14cannons.com,California,31125 Via Colinas Ste 907,True
b7b68d22-5045-4501-b9bf-ec94946eaffc,14 Lakes Brewery,micro,Not Available,Not Available,Not Available,Crosslake,Minnesota,56442,United States,0.0,0.0,2186924129,Not Available,Minnesota,,False
4b677b60-fef1-42e2-90ef-dadc1bd7fb06,14er Brewing Company,proprietor,2801 Walnut St,Not Available,Not Available,Denver,Colorado,80205-2235,United States,-104.9839636,39.7614112,7207731437,http://www.14erBrewing.com,Colorado,2801 Walnut St,True
6c53984f-fac1-4ea7-9c44-44e25897c71a,14th Star Brewing,micro,133 N Main St Ste 7,Not Available,Not Available,Saint Albans,Vermont,05478-1735,United States,0.0,0.0,8025285988,http://www.14thstarbrewing.com,Vermont,133 N Main St Ste 7,False
c1dc2b15-1ad0-4af4-840b-13a5c204f19a,1516 Westparkbräu,brewpub,Am Westpark 6,Not Available,Not Available,Ingolstadt,Bayern,85057,Germany,11.3903278,48.7752587,+49 841 9568777,http://www.westparkbraeu.com,Bayern,Am Westpark 6,True
85192a9c-58a4-48c3-bd9d-496d09d22aa3,16 Lots Brewing,brewpub,753 Reading Rd,Not Available,Not Available,Mason,Ohio,45040-1303,United States,-84.3183801,39.3545967,5134863672,http://www.16lots.com,Ohio,753 Reading Rd,True
284b44f8-6ccb-4cd6-8d06-f2ad882a47c3,16 Mile Brewing Co,micro,413 S Bedford St,Not Available,Not Available,Georgetown,Delaware,19947-1849,United States,-75.37816436,38.6788938,3022538816,http://www.16milebrewery.com,Delaware,413 S Bedford St,True
ee6d39c6-092f-4623-8099-5b8643f70dbe,16 Stone Brewpub,brewpub,9542 Main St,Not Available,Not Available,Holland Patent,New York,13354,United States,-75.2565195,43.24211175,3158658500,http://www.16stonebrewpub.com,New York,9542 Main St,True
d35b40b0-a3ff-4878-a6ee-9caa2149b521,1623 Brewing Company,brewpub,5975 Exchange Dr Suite H-L,Not Available,Not Available,Eldersburg,Maryland,21784,United States,-76.9773575,39.4164017,4432181410,https://1623brewing.com,Maryland,5975 Exchange Dr Suite H-L,True
84bd3b3c-bd2d-4e07-bc31-b43a8c8ebf4c,1717 Brewing Co,micro,322 E Court Ave,Not Available,Not Available,Des Moines,Iowa,50309-2015,United States,-93.6120353,41.5872267,5152437868,http://1717brewing.com,Iowa,322 E Court Ave,True
f41a0c47-ba9b-4547-bfed-fcbefe0fc74b,1718 Ocracoke Brewing,brewpub,1129 Irvin Garrish Hwy,Not Available,Not Available,Ocracoke,North Carolina,27960,United States,-75.97176063,35.10715368,2529282337,http://www.ocracokebrewing.com,North Carolina,1129 Irvin Garrish Hwy,True
84d621c4-81a5-44e6-aca7-1566c2e67cc0,1781 Brewing Company,micro,11109 Plank Rd,Not Available,Not Available,Spotsylvania,Virginia,22553-4258,United States,0.0,0.0,5408412598,Not Available,Virginia,11109 Plank Rd,False
896f26a1-d80e-4790-9287-026a86c1799d,180 and Tapped,micro,2010 A State Ave,Not Available,Not Available,Coraopolis,Pennsylvania,15108,United States,-80.15020356,40.50984957,4127375273,http://www.180andtapped.com,Pennsylvania,2010 A State Ave,True
31935dfe-87ab-4b3c-b845-1347e78f3d98,1812 Brewery,micro,13006 Mason Road NE,Not Available,Not Available,Cumberland,Maryland,21502,United States,-78.7008528,39.7021475,3013382490,http://1812brewery.com/,Maryland,13006 Mason Road NE,True
46839a79-b7bf-4733-b91b-ce116d062a57,1817 Brewery,micro,100 B South Olive St,Not Available,Not Available,okolona,Mississippi,38860,United States,-88.750264,34.001703,6623055907,Not Available,Mississippi,100 B South Olive St,True
1a1b2165-73ed-40aa-b89b-56794d140f22,1840 Brewing Company,micro,342 E Ward St,Not Available,Not Available,Milwaukee,Wisconsin,53207-1348,United States,-87.90606942,43.00436242,4142364056,http://www.1840brewing.com,Wisconsin,342 E Ward St,True
fe6b9893-b93e-43d5-a9f6-3e0c89a3f13c,1850 Brewing Company,micro,Not Available,Not Available,Not Available,Mariposa,California,95338,United States,-119.9036592,37.570148,Not Available,http://www.1850restaurant.com,California,,True
b51f3cdf-60ff-4ae1-94a7-76906c7d62eb,18th Street Brewery,micro,5725 Miller Ave,Not Available,Not Available,Gary,Indiana,46403-2871,United States,-87.26887786,41.59928343,Not Available,http://www.18thstreetbrewery.com,Indiana,5725 Miller Ave,True
add7f978-942e-4d56-b209-c80837a51d69,18th Street Brewery,micro,5417 Oakley Ave,Not Available,Not Available,Hammond,Indiana,46320-1817,United States,-87.517422,41.61556796,Not Available,Not Available,Indiana,5417 Oakley Ave,True
dbde8235-2b55-4d8b-8b1c-438155abe104,1905 Brewing Company,micro,1301 S Chestnut St,Not Available,Not Available,Assumption,Illinois,62510-8504,United States,-89.0503635,39.5172564,2172549374,http://1905BrewingCompany.com,Illinois,1301 S Chestnut St,True
4f4b5b34-d572-4dff-a18f-47e507c073e6,1912 Brewing,micro,2045 N Forbes Blvd Ste 105,Not Available,Not Available,Tucson,Arizona,85745-1444,United States,-110.9927505,32.24673727,5202564851,http://www.1912brewing.com,Arizona,2045 N Forbes Blvd Ste 105,True
4ccad9b9-f9cf-4d21-b6d5-ab005ee1532d,192 Brewing,micro,7324 NE 175th St,Not Available,Not Available,Kenmore,Washington,98028-2500,United States,-122.2415652,47.75670075,4254242337,http://www.192brewing.com,Washington,7324 NE 175th St,True
4a09f017-db8f-42e1-a8ec-a0cd81c28761,1940's Brewing Company,micro,1337 Lincoln Ave Unit 1,Not Available,Not Available,Holbrook,New York,11741-2275,United States,0.0,0.0,6315334838,http://www.1940sbrewingcompany.com,New York,1337 Lincoln Ave Unit 1,False
4dcaeaa3-d7cc-4016-9392-5bde4e3a8f4d,1st Republic Brewing Co,micro,39 River Rd Ste 6,Not Available,Not Available,Essex Junction,Vermont,05452-3879,United States,0.0,0.0,8028575318,https://www.1strepublicbrewingco.com/,Vermont,39 River Rd Ste 6,False
9046adec-ed04-4c60-8043-4a02e9e2dabc,2 Basset Brewery,micro,202 E Main St,Not Available,Not Available,White Sulphur Springs,Montana,59645-9081,United States,-110.9004865,46.54807609,4065472337,http://www.2bassetbrewery.com,Montana,202 E Main St,True
8436b02b-9a06-474c-b5eb-8ff9aedf1f99,2 Dogz and A Guy Brewing,micro,228 Church St,Not Available,Not Available,Montrose,Pennsylvania,18801-1271,United States,-75.8800318,41.8336364,5704320069,http://2dogzandaguybrewing.com,Pennsylvania,228 Church St,True
2005a2bb-0f89-4520-8553-f79cf0b4c909,2 Feet Brewing Company,brewpub,80 Columbia St,Not Available,Not Available,Bangor,Maine,04401-6319,United States,-68.77283099,44.80012684,2075731979,http://www.2feetbrewing.com,Maine,80 Columbia St,True
d30841d8-0152-469f-9a19-1b97a5f965a6,2 HALFS Brewing Distilling,micro,2 Stokes Avenue,Not Available,Not Available,Alexandria,NSW,2015,Australia,151.1979,-33.902839,+61 2 8068 0915,https://2halfs.com.au/,NSW,2 Stokes Avenue,True
6948c755-a504-42f9-88e8-d04d027731e5,2 Row Brewing,micro,6856 S 300 W,Not Available,Not Available,Midvale,Utah,84047-1083,United States,-111.9007652,40.5950202,8019878663,http://www.2rowbrewing.com,Utah,6856 S 300 W,True
fb2460bb-d6bb-4690-a700-f0b5628cc7dd,2 Silos Brewing Company,micro,9925 Discovery Blvd,Not Available,Not Available,Manassas,Virginia,20109,United States,0.0,0.0,7034202257,http://www.2silosbrewing.com,Virginia,9925 Discovery Blvd,False
836cb05e-ee8f-4798-859e-fe0bedb0186a,2 Tones Brewing Co.,micro,4539 E Broad St,Not Available,Not Available,Whitehall,Ohio,43213-1308,United States,-82.9118174,40.0030689,Not Available,http://www.2tonesbrewingco.com,Ohio,4539 E Broad St,True
5ec3b488-48bd-49a7-9828-05bd90195cd5,2 Tread Brewing Co,brewpub,1018 Santa Rosa Plz,Not Available,Not Available,Santa Rosa,California,95401-6399,United States,-122.7167729,38.4387767,4152330857,http://www.2treadbrewing.com,California,1018 Santa Rosa Plz,True
8624d11b-8593-49a8-89b4-c46a0f111cd7,2 Way Brewing Company,brewpub,18 W Main St,Not Available,Not Available,Beacon,New York,12508-2512,United States,-73.9809868,41.5082102,8452027334,http://www.2waybrewingcompany.com,New York,18 W Main St,True
5cda93ce-6b16-4374-9d43-bb4383be0187,2 Witches Winery and Brewing Company,micro,209 Trade St,Not Available,Not Available,Danville,Virginia,24541-3545,United States,-79.42125553,36.58590349,4345492739,http://www.2witcheswinebrew.com,Virginia,209 Trade St,True
64a48d9e-08e9-45e3-83ca-f00d24bb7e49,20 Corners Brewing LLC,brewpub,14148 NE 190th St Ste A,Not Available,Not Available,Woodinville,Washington,98072-8437,United States,-122.1517007,47.76864301,4253755223,http://www.20cornersbrewing.com,Washington,14148 NE 190th St Ste A,True
c018299b-db2d-438b-b58c-ecaa0f07a0df,210 Brewing Co,brewpub,3438 Stoluckquamish Ln,Not Available,Not Available,Arlington,Washington,98223-9056,United States,-122.18421,48.215096,3604749740,http://www.angelofthewind.com,Washington,3438 Stoluckquamish Ln,True
00fdce16-e1dd-4678-87f2-45550f9083e1,212 Brewing Company,contract,21476 Route 23,Not Available,Not Available,Davenport,New York,13750,United States,0.0,0.0,2123779050,Not Available,New York,21476 Route 23,False
46a8ed58-5d1a-413e-871e-d2d29d6d43f0,217 Brew Works,micro,217 South St S,Not Available,Not Available,Wilson,North Carolina,27893-4911,United States,-77.9120318,35.7227625,2529916959,Not Available,North Carolina,217 South St S,True
63baab9a-b561-4eff-8619-f95290a61b77,21st Amendment Brewery,regional,2010 Williams St Unit A,Not Available,Not Available,San Leandro,California,94577-2334,United States,-122.1772928,37.71130036,5105952111,http://www.21st-Amendment.com,California,2010 Williams St Unit A,True
8f9621dc-da98-4ddb-82a1-039c9e2b3224,21st Amendment Brewery Cafe,brewpub,563 2nd St,Not Available,Not Available,San Francisco,California,94107-1411,United States,-122.3925769,37.782448,4153690900,http://www.21st-amendment.com,California,563 2nd St,True
84337872-75da-4cdd-9f8f-1e1691f21642,21st St Brewers Bar,brewpub,2017 Chouteau Ave,Not Available,Not Available,Saint Louis,Missouri,63103,United States,-90.213781,38.624291,3142416969,http://www.21stbrew.com,Missouri,2017 Chouteau Ave,True
2711c5ad-83cb-4917-932e-b8bbf1a25ffb,23 Brewing Company / Lizzie B's Cafe,brewpub,2010 KY Route 321,Not Available,Not Available,Prestonsburg,Kentucky,41653-9103,United States,0.0,0.0,6068862844,http://www.23brewingcompany.com,Kentucky,2010 KY Route 321,False
e05dc493-284f-4ece-995e-19899398f077,238 Brewing Company,closed,10321 E Day Mt Spokane Rd,Not Available,Not Available,Mead,Washington,99021,United States,0.0,0.0,5092382739,http://www.238brewing.com,Washington,10321 E Day Mt Spokane Rd,False
29c73154-9117-4f27-98e1-b5bb5f69c055,23rd Ave Brewery,closed,2313 S Jackson St,Not Available,Not Available,Seattle,Washington,98144-2340,United States,-122.301811,47.599163,2066792048,https://23rd-ave-brewery.square.site,Washington,2313 S Jackson St,True
c70c8ad5-4bfa-4b2a-a383-7e7d15e0baf9,23rd Street Brewery,brewpub,3512 Clinton Pkwy,Not Available,Not Available,Lawrence,Kansas,66047-2145,United States,-95.28093353,38.9429674,7858562337,http://www.brew23.com,Kansas,3512 Clinton Pkwy,True
6751228c-5373-4a54-8d68-72df6849a437,26 Degree Brewing Company,micro,2600 E Atlantic Blvd,Not Available,Not Available,Pompano Beach,Florida,33062-4940,United States,-80.1224169,26.2316338,9545326964,Not Available,Florida,2600 E Atlantic Blvd,True
e0444512-54a6-4a44-b5bb-0f9b88326454,27 South Brewing,micro,44 Milsom Street,3,Not Available,Coorparoo,QLD,4151,Australia,153.0567537,-27.4869498,Not Available,http://www.27southbrewing.com.au/,QLD,44 Milsom Street,True
43cd61af-dd59-4a91-8e3f-fce26a141a9b,28 Brewery,micro,80 Boulevard Anspach,Not Available,Not Available,Bruxelles,Brussels Capital Region,1000,Belgium,4.3499006,50.8482035,+32 2 880 47 00,https://www.belgianbeerworld.be/,Brussels Capital Region,80 Boulevard Anspach,True
d6e77d51-2fa2-44cb-89b3-c94bf1dc77df,28th State Brewing,planning,Not Available,Not Available,Not Available,Houston,Texas,77095-6933,United States,0.0,0.0,Not Available,https://www.instagram.com/28thstatebrew/?hl=en,Texas,,False
7d13ee75-e7e3-4623-862a-43a18dd6a1ae,2C Family Brewing Co.,micro,1215 1st St S,Not Available,Not Available,Nampa,Idaho,83651-3957,United States,-116.559282,43.578989,2084753981,Not Available,Idaho,1215 1st St S,True
5fdcc498-f9df-4fa5-b35d-487a59f0fecc,2Kids Brewing Company,micro,8680 Miralani Dr Ste 123,Not Available,Not Available,San Diego,California,92126-6391,United States,-117.137429,32.896584,8584805437,http://www.2kidsBrewing.com,California,8680 Miralani Dr Ste 123,True
be0ec266-d637-42e4-94ba-4ce21e456054,2nd Shift Brewing Co,brewpub,1601 Sublette Ave,Not Available,Not Available,Saint Louis,Missouri,63110-1924,United States,-90.280526,38.621943,6187910728,http://www.2ndshiftbrewing.com,Missouri,1601 Sublette Ave,True
fb8eee34-da8a-42b2-bc4c-77020024a7f0,2nd Story Brewing Company,brewpub,117 Chestnut St Frnt,Not Available,Not Available,Philadelphia,Pennsylvania,19106-4700,United States,0.0,0.0,2673145770,http://www.2ndstorybrewing.com/,Pennsylvania,117 Chestnut St Frnt,False
3cf2698f-4193-4591-aab3-a8ef0fbedcab,2SP Brewing Company,micro,120 Concord Rd,Not Available,Not Available,Aston,Pennsylvania,19014-2909,United States,0.0,0.0,4844837860,http://www.2spbrewing.com,Pennsylvania,120 Concord Rd,False
e2923681-b2b4-443b-9f90-6d560992e85f,2T,micro,Bismarckstraße 1,Not Available,Not Available,Lindlar,Nordrhein-Westfalen,51789,Germany,7.375127,51.0241713,+49 2266 8058830,http://www.2t-brauerei.de,Nordrhein-Westfalen,Bismarckstraße 1,True
9fdb80f1-a96f-4dc4-80a2-5b0d9a246916,3 Beards Beer Company,contract,4 Main St,Not Available,Not Available,Williamsburg,Massachusetts,01096,United States,-72.7305059,42.3923659,6173837039,http://www.3beardsbeer.com,Massachusetts,4 Main St,True
58fd6094-aa06-487e-85fe-4376cd81f0ab,3 Brewers,brewpub,275 Yonge Street,Not Available,Not Available,Toronto,Ontario,M5B1N8,Canada,-79.3804435,43.6555221,(647) 347-6286,https://www.les3brasseurs.ca/en/find-a-3-brasseurs/,Ontario,275 Yonge Street,True
065200ec-51cf-4612-b1b9-61f7db489c3c,3 Daughters Brewing,micro,222 22nd St S,Not Available,Not Available,Saint Petersburg,Florida,33712-1240,United States,-82.6629721,27.76899022,7274956002,http://www.3dbrewing.com,Florida,222 22nd St S,True
60c00c0b-b797-4f6a-b442-3bfbaec156ca,3 Disciples Brewing,micro,Not Available,Not Available,Not Available,Sebastopol,California,95472-5937,United States,-122.8332502,38.3845125,7072287309,http://www.3disciplesbrewing.com/home,California,,True
ad9ec3c5-cd44-4fcb-a4d1-cbec897839b1,3 Fonteinen,micro,47 Molenstraat,Not Available,Not Available,Beersel,Vlaanderen,1651,Belgium,4.2736147,50.763105,+32 2 306 71 03,https://3fonteinen.be/nl/,Vlaanderen,47 Molenstraat,True
a1887b5a-0c21-43cf-9547-527b7c11dcf4,3 Freaks Brewing Co,micro,7140 E County Line Rd,Not Available,Not Available,Highlands Ranch,Colorado,80126-3926,United States,-104.9426656,39.5659575,7202990994,http://www.3freaksbrewery.com,Colorado,7140 E County Line Rd,True
a74744eb-ca98-43c5-9199-09df39f8b400,3 Iron Brewing Company,micro,898 Via Lata Ste A,Not Available,Not Available,Colton,California,92324-3920,United States,-117.3066993,34.05616889,9095334892,http://www.3ironbrewingco.com,California,898 Via Lata Ste A,True
1218736c-bfcf-4b95-b473-7399aaf60d1d,"3 Keys Brewing Company, LLC",brewpub,2505 Manatee Ave E,Not Available,Not Available,Bradenton,Florida,34208-2421,United States,-82.53393502,27.49645026,9412180396,http://www.3keysbrewing.com,Florida,2505 Manatee Ave E,True
ed387340-ea78-4f65-9de0-15e2da50371e,3 Nations Brewing,micro,2405 Squire Pl Ste 200,Not Available,Not Available,Farmers Branch,Texas,75234-4714,United States,-96.89883128,32.93044336,4696607184,http://www.threenationsbrewing.com,Texas,2405 Squire Pl Ste 200,True
50f26a2b-242d-40af-b78b-cf975ce37761,3 Ravens,micro,260 Dundas Street,Not Available,Not Available,Thornbury,VIC,3071,Australia,145.026872,-37.755894,+61 424 707 592,https://3ravens.com.au/index,VIC,260 Dundas Street,True
a8fda9a9-026b-4b15-86b9-62b4ccb126c1,3 Sheeps Brewing Co,micro,1837 North Ave,Not Available,Not Available,Sheboygan,Wisconsin,53083-4620,United States,-87.73006524,43.77384561,9209469715,http://www.3sheepsbrewing.com,Wisconsin,1837 North Ave,True
5595bb24-e2b8-4a6e-9f0b-451fac8dd903,3 Sheets Brewery,micro,136 W 1st Ave,Not Available,Not Available,Albany,Oregon,97321,United States,0.0,0.0,5416190183,http://www.3sheetsbrewery.com,Oregon,136 W 1st Ave,False
e2ddeea8-03d4-43e7-bfd0-d27797b9d016,3 Sons Brewing Co.,proprietor,236 N Federal Hwy,Not Available,Not Available,Dania,Florida,33004-2870,United States,-80.14361029,26.04800238,9546013833,http://www.3sonsbrewingco.com,Florida,236 N Federal Hwy,True
bd8b76ca-a70a-4363-96cb-24f1d0118a74,3 Stars Brewing Co,closed,6400 Chillum Pl NW Ste B,Not Available,Not Available,Washington,District of Columbia,20012-2111,United States,0.0,0.0,2026700333,http://www.3starsbrewing.com,District of Columbia,6400 Chillum Pl NW Ste B,False
cb56e27e-d113-4f74-925a-69305a56d082,3 Trails Brewing Co,micro,111 N Main St,Not Available,Not Available,Independence,Missouri,64050,United States,-94.41265,39.122385,8168866256,http://www.3trailsbrewing.com,Missouri,111 N Main St,True
6c5dabed-6a59-4610-abc9-b1e958393186,30 Mile Brewing Co.,closed,39 Ragged Rock Rd Unit 5,Not Available,Not Available,Old Saybrook,Connecticut,06475-1518,United States,0.0,0.0,8603395238,http://www.30milebrewingco.com,Connecticut,39 Ragged Rock Rd Unit 5,False
2f6062af-4d6f-42b2-b4ad-626cf01a1fec,300 Suns Brewing Company,brewpub,335 1st Ave Unit C,Not Available,Not Available,Longmont,Colorado,80501-5958,United States,0.0,0.0,Not Available,http://www.300sunsbrewing.com,Colorado,335 1st Ave Unit C,False
3b0b5b9b-f6d8-49e3-8ebd-0bcef6939bcd,32 North Brewing Co,brewpub,8655 Production Ave Ste A,Not Available,Not Available,San Diego,California,92121-2258,United States,-117.1649842,32.88313237,(619) 363-2622,https://42northbrewing.com,California,8655 Production Ave Ste A,True
3b836ff9-8088-4df0-b2f1-8287f2a35b81,33 Acres Brewing Company,brewpub,15 West 8th Avenue,Not Available,Not Available,Vancouver,British Columbia,V5Y 1M8,Canada,-123.1053533,49.2637804,Not Available,http://www.33acresbrewing.com,British Columbia,15 West 8th Avenue,True
70749225-122e-4824-852b-29680e90c8ec,33 Brewing Experiment,brewpub,25 West 8th Avenue,Not Available,Not Available,Vancouver,British Columbia,V5Y 1M8,Canada,-123.1053533,49.2637804,Not Available,http://www.33acresbrewing.com,British Columbia,25 West 8th Avenue,True
a964a343-e4f1-40d8-9353-09ef9b74f513,34 Degree North Experiment Station,micro,4802 Main St,Not Available,Not Available,Shallotte,North Carolina,28470,United States,-78.38636517,33.97270364,Not Available,Not Available,North Carolina,4802 Main St,True
098595c2-f606-40b4-9b49-195f73fb6fd6,350 Brewing Co,brewpub,7144 183rd St,Not Available,Not Available,Tinley Park,Illinois,60477-3933,United States,-87.79160288,41.55864726,7088257339,http://www.350brewing.com,Illinois,7144 183rd St,True
63969ec8-b557-4c71-b993-ad00c99ab70e,360 Degree Brewing Company,micro,Bluebell Business Estate,Not Available,Not Available,Sheffield Park,East Sussex,TN22 3HQ,England,-0.00086,50.993912,1825722375,https://www.360degreebrewing.com/,East Sussex,Bluebell Business Estate,True
55de8d28-4231-4497-8ff7-3031e7bb3be5,38 State Brewing,micro,8071 S Broadway Ste A,Not Available,Not Available,Littleton,Colorado,80122-2730,United States,0.0,0.0,7206383678,http://www.38statebrew.com,Colorado,8071 S Broadway Ste A,False
dfa3f8fc-21cf-443d-ba8d-8adfc6873852,38°-75° Brewing,brewpub,2000 Coastal Highway STE 105,Not Available,Not Available,Rehoboth Beach,Delaware,19971,United States,-75.090191,38.7074994,3022278519,Not Available,Delaware,2000 Coastal Highway STE 105,True
53305a0f-9b51-4f73-bf5e-88bb0439b216,380 Brewing Company,planning,Not Available,Not Available,Not Available,Clancy,Montana,59634,United States,0.0,0.0,2065796509,Not Available,Montana,,False
b84d47b5-43a1-4a05-9ee4-e795dfbf019c,3806 Brewing,micro,12 Enterprise Avenue,Not Available,Not Available,Berwick,VIC,3806,Australia,145.3416748,-38.0371856,+61 477 581 483,http://3806.beer/,VIC,12 Enterprise Avenue,True
842d193f-7a1b-4960-86f8-7d6614884005,3cross Fermentation Cooperative,micro,4 Knowlton Ave,Not Available,Not Available,Worcester,Massachusetts,01603,United States,-71.83057593,42.24364875,5086158195,http://www.3cross.coop,Massachusetts,4 Knowlton Ave,True
4f70ac94-eca5-4cec-8581-92ec5afdf4f2,3Halves Brewing Co,brewpub,110 E Kansas St,Not Available,Not Available,Liberty,Missouri,64068-2374,United States,-94.4190247,39.2461993,8164296886,http://www.3halvesbrewingco.com,Missouri,110 E Kansas St,True
694547f5-28fd-4363-bad6-03b6eaf0f1dd,3rd Degree Brewhouse,micro,1625 N Main St,Not Available,Not Available,Fuquay Varina,North Carolina,27526,United States,-78.794223,35.5914556,9192015457,http://www.facebook.com/3rddegreebrewhouse/,North Carolina,1625 N Main St,True
370fdc3b-55a0-43f0-a54e-f617a7cec7b8,3rd Planet Brewing,micro,120 Partin Dr N,Not Available,Not Available,Niceville,Florida,32578-2053,United States,0.0,0.0,8505029952,http://www.facebook.com/3rdplanetbrewing/,Florida,120 Partin Dr N,False
3c9354c5-4d21-40a8-8e53-8f2f9b5e043b,3rd Rock Brewing Company,micro,134 Industrial Park Dr,Not Available,Not Available,Trenton,North Carolina,28585-9593,United States,-77.36749285,35.06939877,2526319213,http://www.3rockbrew.com,North Carolina,134 Industrial Park Dr,True
2eed7840-ec52-48b5-b22e-d9d76bd01929,3rd Turn Brewing,micro,10408 Watterson Trl,Not Available,Not Available,Louisville,Kentucky,40299-3702,United States,-85.56656078,38.19322725,Not Available,http://www.3rdturnbrewing.com,Kentucky,10408 Watterson Trl,True
781bda70-39b2-4f3f-9213-9d0f44c08991,3rd Wave Brewing Co,micro,501 N Bi State Blvd,Not Available,Not Available,Delmar,Delaware,19940-1106,United States,0.0,0.0,3029070423,http://www.3rdwavebrewingco.com,Delaware,501 N Bi State Blvd,False
a00c1c11-dede-4d7f-a514-bd291b6db283,3TREE BREWERY,micro,3-19 Futabacho,Not Available,Not Available,Ibaraki,Osaka,567-0829,Japan,135.5780968,34.81744613,Not Available,https://3tree-brewery.jimdosite.com/,Osaka,3-19 Futabacho,True
b72f2ce6-e062-404d-ac31-c1060db2d870,4 By 4 Brewing Company,micro,2811 E Galloway St Ste A,Not Available,Not Available,Springfield,Missouri,65804-4601,United States,-93.239889,37.147986,4178616400,http://www.4by4brewingcompany.com,Missouri,2811 E Galloway St Ste A,True
ac2f41ed-e1e8-4586-aa78-253543db7714,4 Hands Brewing Co,regional,1220 S 8th St,Not Available,Not Available,Saint Louis,Missouri,63104-3610,United States,-90.19762012,38.61526593,3144361559,http://www.4handsbrewery.com,Missouri,1220 S 8th St,True
dc652569-19d7-4f63-a999-3e8d5d6798c1,4 Noses Brewing Company,micro,8855 W 116th Cir Ste 3,Not Available,Not Available,Broomfield,Colorado,80021-2521,United States,0.0,0.0,7204602797,http://4nosesbrewing.com,Colorado,8855 W 116th Cir Ste 3,False
cbcca8ac-55f6-47cb-967f-1a77dfa959e5,4 Pines,large,Not Available,Not Available,Not Available,Richmond,VIC,3121,Australia,144.9901574,-37.824664,Not Available,Not Available,VIC,,True
7c669ae6-460d-476b-bc56-0b4d566a152c,4 Stitch Brewing Co - Brewery & Taproom,taproom,16709 9th Ave SE,Not Available,Not Available,Mill Creek,Washington,98012-6309,United States,-122.21991381534,47.84671432549,4252247583,https://www.4stitchbrewing.com,Washington,16709 9th Ave SE,True
b237e2d5-dabc-41f9-a3ff-2b4e3f3a9c8e,4 Stitch Brewing Co - Taproom & Kitchen,brewpub,5817 238th St SE Ste 3,Not Available,Not Available,Woodinville,Washington,98072-8669,United States,-122.15488674812,47.782473284418,4252866004,https://www.4stitchbrewing.com,Washington,5817 238th St SE Ste 3,True
d4c7fb43-6671-4597-8cdd-e938d751aca2,400 North Brewing,planning,Not Available,Not Available,Not Available,Sugarhill,Georgia,30518-7916,United States,0.0,0.0,4047911119,http://400northbrewing.com,Georgia,,False
9c3f919e-e6de-4e43-91cb-30f3e73ad591,406 Brewing Company,micro,"101 E Oak St, Ste D",Not Available,Not Available,Bozeman,Montana,59715-2967,United States,0.0,0.0,4065853745,http://www.406brewingcompany.com,Montana,"101 E Oak St, Ste D",False
b7f2ebb8-6764-4654-a98b-246724c8952a,411 Broadway Ales,planning,Not Available,Not Available,Not Available,Fresno,California,93721-2801,United States,-119.7088613,36.7295295,5412706076,Not Available,California,,True
ef60f8cf-0fdc-4ea1-aa94-09e1f869176b,412 Brews,brewpub,706 Island Ave,Not Available,Not Available,Mc Kees Rocks,Pennsylvania,15136-3287,United States,0.0,0.0,Not Available,http://www.412brews.com,Pennsylvania,706 Island Ave,False
dad10840-28ab-4dcf-9005-bf2cc2665b5a,42 North Brewing Company,brewpub,25 Pine St,Not Available,Not Available,East Aurora,New York,14052-1827,United States,-78.607989,42.769311,7168057500,http://www.42northbrewing.com,New York,25 Pine St,True
52dd0878-928b-4b47-b7fa-602f140592ed,4204 Main Street Brewing Co,brewpub,4204 W Main St,Not Available,Not Available,Belleville,Illinois,62226,United States,-90.02053343,38.53796122,6184167261,Not Available,Illinois,4204 W Main St,True
1d3084b5-c9bc-4380-9862-14e837b82bb9,45 Degree Brewhouse,micro,10421 E Sprague Ave,Not Available,Not Available,Spokane Valley,Washington,99206-3629,United States,-117.264473,47.657478,5092413281,http://45degreebrewhouse.com,Washington,10421 E Sprague Ave,True
eb3d0c66-bbe8-495d-a876-924f0c0cf509,450 North Brewing Company @ Simmons Winery,brewpub,8111 E 450 N,Not Available,Not Available,Columbus,Indiana,47203-8106,United States,0.0,0.0,8125460091,http://www.450northbrewing.com,Indiana,8111 E 450 N,False
6b892c61-269b-453f-acd1-b79491b0ef0b,47 Hills Brewing Co,brewpub,137 S Linden Ave,Not Available,Not Available,South San Francisco,California,94080-6410,United States,-122.4136168,37.64425595,6508678476,http://47hillsbrewingcompany.com,California,137 S Linden Ave,True
cd97aeab-a499-4c95-b20b-881bfe3ed6c8,49th State Brewing Co,micro,248.4 Parks Hwy 5 Mile,Not Available,Not Available,Healy,Alaska,99743,United States,-149.017877,63.864759,9076832739,https://www.49statebrewing.com/denali,Alaska,248.4 Parks Hwy 5 Mile,True
eaa4afea-bcb5-434c-839e-ef48fe8811d0,49th State Brewing Co - Anchorage,brewpub,717 W 3rd Ave,Not Available,Not Available,Anchorage,Alaska,99501-2104,United States,-149.8958196,61.2197366,9076832739,http://www.49statebrewing.com/,Alaska,717 W 3rd Ave,True
025dbb4f-15b3-483e-b78a-348914fa0136,49th State Brewing Co - Ted Stevens,taproom,5000 W International Airport Rd,Not Available,Not Available,Anchorage,Alaska,99502-1023,United States,-149.99057054233,61.177175621109,9077432504,https://www.49thstatebrewing.com/ted-stevens,Alaska,5000 W International Airport Rd,True
dbf0d7e7-4e2c-4574-9dee-791d95496811,4B's Brewery,brewpub,215 W Main St,Not Available,Not Available,Cedaredge,Colorado,81413-3339,United States,-107.925782,38.900614,9708567762,http://www.4bsbrewery.com,Colorado,215 W Main St,True
aea0a6f9-557e-4907-be23-d80737a071e4,4J Brewing Company,micro,1348 Cedar Post Ln.,Not Available,Not Available,Houston,Texas,77055,United States,0.0,0.0,7136780776,https://4jbrewingcompany.com,Texas,1348 Cedar Post Ln.,False
53efe9e9-dbb3-4c98-ab77-61515abef2a9,4kd Crick Brewery,brewpub,211 Carpenter Rd,Not Available,Not Available,Defiance,Ohio,43512-1718,United States,-84.341647,41.296252,4199562863,http://Www.4kdcrickbrewery.com,Ohio,211 Carpenter Rd,True
760e8395-f2a2-4161-9bf1-c72ed1aa6ae3,4th Tap Brewing Cooperative,micro,10615 Metric Blvd,Not Available,Not Available,Austin,Texas,78758-4520,United States,-97.7118913,30.3852024,5129089817,Not Available,Texas,10615 Metric Blvd,True
d8b4ad26-346b-40dd-8215-b0e89ace23e2,5 Alarm Brewing Co,micro,211 W Main St,Not Available,Not Available,Lake Mills,Iowa,50450,United States,-93.53398788,43.41926615,6415922739,Not Available,Iowa,211 W Main St,True
c17a3e56-4d4e-405e-a21b-85f415903674,5 Lakes Brewing Co.,brewpub,1638 142nd Ave,Not Available,Not Available,Dorr,Michigan,49323-9312,United States,-85.70445518,42.72497157,6163599555,http://www.5lakesbrewing.com,Michigan,1638 142nd Ave,True
75eff8e1-7c25-483a-a2b2-49ecdbf16d31,5 Lamps Brewery,regional,84-87 Camden St.,Saint Kevin's,Dublin 2,Dublin,Dublin,D02 DH36,Ireland,-6.26585621,53.33596635,Not Available,https://the5lampsbrewery.com/home/,Dublin,84-87 Camden St.,True
257e9aac-7dbe-4656-b366-9d8a94c49d58,5 North Brewing Company,closed,6501 N Cedar Rd,Not Available,Not Available,Spokane,Washington,99208,United States,-117.4328496,47.71758683,5093217818,http://5northbrewingcompany.com/,Washington,6501 N Cedar Rd,True
a34cb542-e683-4e86-ac8a-d285f891f083,5 Paddles Brewing Company,micro,1 Industrial Blvd,Not Available,Not Available,Whitby,Ontario,L1N 9L5,Canada,0.0,0.0,9054445050.0,http://5paddlesbrewing.com,Ontario,1 Industrial Blvd,False
f927d8d6-3151-4073-9d20-410ca617853e,5 Rabbit Cerveceria Inc,micro,6398 W 74th St,Not Available,Not Available,Chicago,Illinois,60638-6129,United States,-87.6572069,41.7595502,3128959591,http://www.5rabbitbrewery.com,Illinois,6398 W 74th St,True
5c99b790-e00d-4ca6-86a5-37723f728690,5 Rights Brewing Co,micro,1514 3rd St,Not Available,Not Available,Marysville,Washington,98270,United States,-122.1762906,48.05156015,4253341026,http://www.5rightsbrewing.com,Washington,1514 3rd St,True
2af85509-aee5-46bc-ab1a-fd9b8b0026d4,5 Rivers Brewing LLC,planning,Not Available,Not Available,Not Available,Spanish Fort,Alabama,36527-3161,United States,-87.9152724,30.6749127,2516897483,http://5riversbrewing.com,Alabama,,True
80c395e8-28c8-460a-9cc5-721fcc22410f,5 Seasons Brewing Co - Prado,brewpub,5600 Roswell Rd,Not Available,Not Available,Sandy Springs,Georgia,30342-1150,United States,-84.3796711,33.9078086,4042555911,http://www.5seasonsbrewing.com,Georgia,5600 Roswell Rd,True
baad8dd7-b295-480c-8f64-e499562a3662,5 Seasons Brewing Co - Westside,brewpub,1000 Marietta St NW Ste 204,Not Available,Not Available,Atlanta,Georgia,30318-0683,United States,0.0,0.0,4048753232,http://www.5seasonsbrewing.com,Georgia,1000 Marietta St NW Ste 204,False
83d47922-0a23-4b85-9c1c-d50b9135d64a,5 Stones Artisan Brewery,micro,11335 Farm To Market Road 1863,Not Available,Not Available,New Braunfels,Texas,78132,United States,-98.232345,29.711365,2103808215,Not Available,Texas,11335 Farm To Market Road 1863,True
fafc2e23-c3bf-46d3-87c0-00e92209269b,515 Brewing Co,micro,7700 University Ave,Not Available,Not Available,Clive,Iowa,50325-1271,United States,-93.7228408,41.599992,5156614615,http://www.515brewing.com,Iowa,7700 University Ave,True
7e12d827-22dc-4d07-8715-8192c9680b23,5150 Brewing At The Brass Tap Rocklin,micro,5150 Commons Dr Ste 101,Not Available,Not Available,Rocklin,California,95677-3925,United States,-121.207331,38.8047402,9162462729,http://www.brasstaprocklin.com,California,5150 Commons Dr Ste 101,True
132540a2-23c8-4720-8c58-31292d264c4a,51st State Brewing Company,brewpub,115 Harding Ave,Not Available,Not Available,Kingsford,Michigan,49802-3815,United States,-88.08819,45.808408,9068282167,http://www.51ststatebrewingcompany.com,Michigan,115 Harding Ave,True
5858b701-9e27-44e6-8ab8-b950b72c4181,51st Ward Beer Company,contract,323 N Washington St,Not Available,Not Available,Westmont,Illinois,60559-1512,United States,-87.981157,41.804494,7732205899,Not Available,Illinois,323 N Washington St,True
4d878d25-a8fb-49e7-93da-56d229bf46ff,54-40 Brewing Company,brewpub,3801 S Truman Rd Ste 1,Not Available,Not Available,Washougal,Washington,98671-2589,United States,-122.3269349,45.56577849,3609077062,http://www.54-40brewing.com,Washington,3801 S Truman Rd Ste 1,True
126f87c3-1c6d-4ff0-b35c-c8dfa9a8e1b4,550 Brewing,proprietor,119 E Chuska St,Not Available,Not Available,Aztec,New Mexico,87410-2110,United States,-107.9950235,36.8213739,5054861094,http://Www.550brew.com,New Mexico,119 E Chuska St,True
12e7f950-af94-4014-abdf-e09600209de9,555 Brewing Co.,micro,297 Main St,Not Available,Not Available,Wellington,Ontario,K0K 3L0,Canada,0.0,0.0,Not Available,http://www.555beer.com,Ontario,297 Main St,False
4a4baf4f-921c-46c0-9130-afcc4ce4f4d2,559 Local Brewing,micro,608 4th St,Not Available,Not Available,Clovis,California,93612-1183,United States,-119.7017487,36.82517171,5594731875,http://www.fresnobrewingcompany.com,California,608 4th St,True
b0d5d69d-b439-44a6-ab3e-0cbd15658dc7,56 Brewing,micro,3055 Columbia Ave NE Ste 102,Not Available,Not Available,Minneapolis,Minnesota,55418-1860,United States,0.0,0.0,6124040056,http://www.56brewing.com,Minnesota,3055 Columbia Ave NE Ste 102,False
f4a902c1-e5a6-43da-b3e4-a1ffc97d31a9,5770 Brewery,micro,303A W Main St,Not Available,Not Available,Teutopolis,Illinois,62467-1355,United States,-88.47806652,39.13142194,6183397841,http://www.5770brewery.com,Illinois,303A W Main St,True
90d1fa86-77d7-4a21-9818-e338fa6fdb96,583 양조장(583 Brewery),brewpub,"583-8, Uiam-ro",Janggye-myeon,Not Available,Jangsu-gun,Jeollabukdo,55621,South Korea,127.6205123,35.68271721,063-353-5515,http://www.583beer.modoo.at,Jeollabukdo,"583-8, Uiam-ro",True
258bdc0a-6d5d-4c36-bcf7-e150b3ec6333,5th Company Brewing,brewpub,325 Front Street,Not Available,Not Available,Perryville,Maryland,21903,United States,-76.0769909,39.5581614,4106182046,http://www.5thcompanybrewing.com/,Maryland,325 Front Street,True
eaf55668-8444-4e4f-80c2-b9f32f7e4d83,5th Element Brewing,planning,Not Available,Not Available,Not Available,Leander,Texas,78641-4009,United States,0.0,0.0,9156378199,Not Available,Texas,,False
cc8de428-9663-466c-bae8-73ad9edf0892,5th Line Brewing Co,micro,1015 E Lincoln Ave Ste 106,Not Available,Not Available,Yakima,Washington,98901-2534,United States,-120.4930458,46.61136701,5093676300,https://5thlinebrewing.com/,Washington,1015 E Lincoln Ave Ste 106,True
849d5961-83c5-4115-9ae4-c0e93c8d3a7f,5x5 Brewing Co.,planning,Not Available,Not Available,Not Available,Mission,Texas,78572-6215,United States,0.0,0.0,9565291353,http://www.5x5brewing.com,Texas,,False
e2bb50c4-260f-4f42-8306-392f7bd5f4ba,6 & 40 Brewery/Taproom,planning,Not Available,Not Available,Not Available,Lakewood,Colorado,80215-5548,United States,-105.1100582,39.6311085,3032325347,http://www.tomsbrewshop.com,Colorado,,True
e5992621-3c91-4968-b913-85972aa66fbb,"6 Bears & A Goat Brewing Company, LLC",brewpub,1140 International Pkwy,Not Available,Not Available,Fredericksburg,Virginia,22406-1126,United States,0.0,0.0,54035690562,http://www.6bgbrewingco.com,Virginia,1140 International Pkwy,False
76ee21a3-d4bd-4526-9ef8-5a23a4507566,6 Bridges Brewing,planning,Not Available,Not Available,Not Available,Johns Creek,Georgia,30097,United States,0.0,0.0,7708460292,http://www.sixbridgesbrewing.com,Georgia,,False
6f431fe7-b136-444b-84e3-3a2042903d93,6 Degrees of Separation,brewpub,35 Main St,Not Available,Not Available,Ossining,New York,10562-4662,United States,-73.86768188,41.15866213,9144325969,http://www.6degreesbp.com,New York,35 Main St,True
ddf69cff-978e-47b6-b42e-75f102418bd0,603 Brewery,micro,12 Liberty Dr Unit 7,Not Available,Not Available,Londonderry,New Hampshire,03053-2286,United States,0.0,0.0,6036307745,http://www.603brewery.com,New Hampshire,12 Liberty Dr Unit 7,False
62871bbc-a963-4c09-9eff-eb36ade49fd7,608 Brewing Company,micro,83 Copeland Ave,Not Available,Not Available,La Crosse,Wisconsin,54603-3403,United States,-91.249927988566,43.825963955898,Not Available,http://www.608brewingcompany.com,Wisconsin,83 Copeland Ave,True
f3e9ba4b-0246-44ac-9170-f095d19e8d64,612 Brew,micro,945 Broadway St NE,Not Available,Not Available,Minneapolis,Minnesota,55413-1471,United States,-93.2062058,45.000631,6129648939,http://www.612brew.com,Minnesota,945 Broadway St NE,True
c02412dc-7507-4047-9497-9066e454c4e1,666 Brewing,closed,34 Mahana Road,Not Available,Not Available,Hamilton,Waikato Region,3200,New Zealand,175.2515685,-37.7589444,+64 7 282 0254,http://www.brewaucracy.co.nz/,Waikato Region,34 Mahana Road,True
af6cb069-b61a-4c69-8fd2-0a5f87c11a17,6th and La Brea,brewpub,600 South La Brea Ave,Not Available,Not Available,Los Angeles,California,90036,United States,-118.3440213,34.0730485,Not Available,http://www.6thlabrea.com,California,600 South La Brea Ave,True
6a928a00-bf8e-4481-ae27-a2a5b14f56e2,7 Devils Brewing Co,brewpub,247 S 2nd St,Not Available,Not Available,Coos Bay,Oregon,97420-1642,United States,-124.2147508,43.36654751,5418083738,http://www.7devilsbrewery.com,Oregon,247 S 2nd St,True
8824022a-0fd9-4727-b6fa-b7aaf65eb043,7 Hermits Brewing Company,brewpub,PO Box 3186,Not Available,Not Available,Eagle,Colorado,81631-3186,United States,0.0,0.0,9704714979,http://www.7hermitsbrewing.com,Colorado,PO Box 3186,False
e861ea88-9815-48a0-84ba-d2a1929178e7,7 Hills Brewing Company,brewpub,1085 Washington St,Not Available,Not Available,Dubuque,Iowa,52001-4932,United States,-90.6635263,42.5045556,5635878306,http://www.7hillsbrew.com,Iowa,1085 Washington St,True
4e84a8d0-0d52-431e-a57a-da8977625bd2,7 Locks Brewing,micro,12227 Wilkins Ave,Not Available,Not Available,Rockville,Maryland,20852-1833,United States,-77.1103415,39.0561237,3018417123,http://www.7locksbrewing.com,Maryland,12227 Wilkins Ave,True
84c84db6-1120-4106-a5d3-fd65b9d7303d,7 Mile Brewery,micro,3156 Route 9 South Ste 1-2,Not Available,Not Available,Rio Grande,New Jersey,08242,United States,0.0,0.0,6093657777,http://www.7milebrew.com,New Jersey,3156 Route 9 South Ste 1-2,False
745b65a8-d682-465c-a418-0188ce5878c2,7 Seas Brewing Co,micro,2101 Jefferson Ave,Not Available,Not Available,Tacoma,Washington,98402-1519,United States,-122.4390379,47.242614,2535727771,http://www.7seasbrewing.com,Washington,2101 Jefferson Ave,True
e062c040-4ff9-46f1-9f3d-172626694cb0,7 Seas Brewing Co - Gig Harbor,taproom,2905 Harborview Dr,Not Available,Not Available,Gig Harbor,Washington,98335-1910,United States,-122.577347,47.328217,2535148129,https://www.7seasbrewing.com/gig-harbor,Washington,2905 Harborview Dr,True
a1199657-e4a9-496b-88c3-999f9e7e97e9,7 Sins Brewery,micro,10593 W Main Rd,Not Available,Not Available,Ripley,New York,14775-9746,United States,-79.7497349,42.24869073,7165812090,http://www.7sinsbrewery.com,New York,10593 W Main Rd,True
a3a1eac7-b858-4bdd-81ac-c2099b717da2,7 Sisters Brewing Co,brewpub,181 Tank Farm Rd Ste 110,Not Available,Not Available,San Luis Obispo,California,93401-7082,United States,-120.6706375,35.2467278,8058687133,http://www.7sistersbrewing.com,California,181 Tank Farm Rd Ste 110,True
3f3220f8-75f8-4fea-a5a4-289aa3267f11,"718BrewCafe, LLP",brewpub,718 Market St,Not Available,Not Available,Metropolis,Illinois,62960-1634,United States,-88.73129158,37.15373334,6185247180,http://www.718BrewCafe.com,Illinois,718 Market St,True
c00f57cf-acdd-46da-9269-d182cb87a7e4,734 Brewing Company,micro,15 E Cross St,Not Available,Not Available,Ypsilanti,Michigan,48198,United States,-83.61103475,42.24586784,7346496453,Not Available,Michigan,15 E Cross St,True
86fc7186-e3a3-42f2-9316-e33c8afa2b8a,7th Day Brewery,micro,9 Powells Road,unit 14,Not Available,Brookvale,NSW,2100,Australia,151.2727492,-33.7668139,+61 2 9939 4930,http://www.7thdaybrewery.com.au/,NSW,9 Powells Road,True
66a91db6-7d2a-4d67-a720-7f924cae3571,7th Settlement Brewery,closed,47 Washington St,Not Available,Not Available,Dover,New Hampshire,03820-3877,United States,-70.8728379,43.1953787,6033731001,http://www.7thsettlement.com,New Hampshire,47 Washington St,True
c7b3260a-b441-4dc8-958f-34c045e26f22,7th Wave Brewing,micro,120 N Meadows Rd Ste 8,Not Available,Not Available,Medfield,Massachusetts,02052-1594,United States,0.0,0.0,6176453397,http://www.7thwavebrewing.com,Massachusetts,120 N Meadows Rd Ste 8,False
c179a049-9988-4640-821d-ddf349cdd87e,7venth Sun Brewery,micro,1012 Broadway,Not Available,Not Available,Dunedin,Florida,34698-5762,United States,0.0,0.0,7277333013,http://www.7venthsun.com,Florida,1012 Broadway,False
4679ff59-8ef6-4443-b6ec-f58232c6b7d7,7venth Sun Tampa,micro,6809 N Nebraska Ave,Not Available,Not Available,Tampa,Florida,33604-5660,United States,-82.4500207,27.9495902,8132315900,Not Available,Florida,6809 N Nebraska Ave,True
